DELETE FROM `advices`;
DELETE FROM `diseases_symptoms`;
DELETE FROM `symptoms`;
DELETE FROM `diseases`;
DELETE FROM `disease_types`;

INSERT INTO `disease_types` (`id`, `name`) VALUES
  (1, 'Голова'),
  (2, 'Шея'),
  (3, 'Руки'),
  (4, 'Ноги'),
  (5, 'Туловище');

INSERT INTO `diseases` (`id`, `name`, `type_id`) VALUES
  (1, 'Переутомление', 1),
  (2, 'Грипп', 1),
  (3, 'ОРВИ', 2),
  (4, 'Периартроз', 3),
  (5, 'Артрит', 3),
  (6, 'Отравление', 5),
  (7, 'Неправильное питание', 5),
  (8, 'Пищевая аллергия', 5),
  (9, 'Артроз', 4),
  (10, 'Артрит', 4),
  (11, 'Подагра', 4);

INSERT INTO `symptoms` (`id`, `description`) VALUES
  (1, 'Головная боль'),
  (2, 'Слабость'),
  (3, 'Повышенная температура'),
  (4, 'Насморк'),
  (5, 'Головокружение'),
  (6, 'Боль в горле'),
  (7, 'Кашель'),
  (8, 'Боль при глотании'),
  (9, 'Проблемы с дыханием'),
  (10, 'Спонтанные боли во время ночного сна'),
  (11, 'Боли в руке или шее, усиливающиеся при движении рукой'),
  (12, 'Острые боли, возникающие в состоянии покоя'),
  (13, 'Ноющие боли, которые начинаются в области шеи и доходят до кончиков пальцев рук'),
  (14, 'Боль в животе'),
  (15, 'Рвота'),
  (16, 'Тошнота'),
  (17, 'Боль в суставах'),
  (18, 'Затруднения при ходьбе'),
  (19, 'Деформация ног'),
  (20, 'Отек в больном месте ноги'),
  (21, 'Покраснение в больном месте ноги'),
  (22, 'Повышение температуры кожи над пораженной областью ноги'),
  (23, 'Боль в плюснефаланговых суставах больших пальцев ног'),
  (24, 'Больное место - большой палец ноги'),
  (25, 'Боли в ногах обостряются ночью');

INSERT INTO `diseases_symptoms` (`disease_id`, `symptom_id`) VALUES
  (1, 1),
  (1, 2),
  (1, 5),
  (2, 1),
  (2, 2),
  (2, 3),
  (2, 4),
  (2, 5),
  (3, 2),
  (3, 4),
  (3, 6),
  (3, 7),
  (3, 8),
  (3, 9),
  (4, 10),
  (4, 11),
  (5, 12),
  (5, 13),
  (6, 3),
  (6, 14),
  (6, 15),
  (6, 16),
  (7, 14),
  (7, 16),
  (8, 14),
  (8, 15),
  (8, 16),
  (9, 17),
  (9, 18),
  (9, 19),
  (10, 20),
  (10, 21),
  (10, 22),
  (11, 3),
  (11, 20),
  (11, 21),
  (11, 22),
  (11, 23),
  (11, 24),
  (11, 25);

INSERT INTO `advices` (`disease_id`, `text`) VALUES
  (1, 'Как ни странно, но самый эффективный способ борьбы с переутомлением является и самым простым – это длительные прогулки на воздухе. Конечно же нельзя просто куда-то идти и думать, что «еще 500 метров и переутомлению не бывать». Гулять нужно осознанно и правильно.\nВо-первых, во время ходьбы нужно абстрагироваться от внешней суеты. Для этого подойдет лучше тихий парк или небольшой сквер. Важно, чтобы это было экологически чистое место, чтобы организм насытился свежим воздухом и отдохнул от химикатов, встречающихся нам в мегаполисе.\nВо-вторых, нужно забыть про все проблемы, возникшие в повседневной жизни, и на это полчаса ходьбы думать только о чем-то хорошем и приятном. Таким образом, вы можете открыть для себя что-то новое, поговорить с собой, что-то прояснить для себя или в чем-то наоборот убедиться. Совершив эти действия, вы убедитесь, что прогулка наедине с самим собой может колоссально улучшить ваше состояние.\nТакже для борьбы с переутомлением нужно соблюдать правильный рацион питания, отказаться от фаст-фуда, привить культуру питания. Это не значит, что теперь ваши походы в ресторан должны увеличиться или вы должны навсегда отказаться от газировок. Ешьте больше овощей и фруктов, заменяйте ими гарниры, а еще начинайте ваш день с овсяной каши.\nПропейте курс витаминов, чтобы избежать авитаминоза, который так же вызывает переутомление и слабость. Попробуйте также войти в режим. Установите четкий распорядок дня. Ложитесь и просыпайтесь в определенное время. Помните, что 8 часов сна вам вполне хватит для отдыха организма. Также вам придется на время отложить дела. Попробуйте продлить срок для выполняемой работы, договоритесь о подмене с коллегой, посвятите хотя бы один день отдыху дома. В состоянии переутомления вы не сможете хорошо закончить начатое дело, поэтому разумно распределяйте свои силы и адекватно оценивайте свои возможности.\nЧтобы быстрее прийти в себя, займитесь чем-то приятным. Будь то поход в кино или в театр, или же конная прогулка. Новые приятные эмоции обязательно справятся с вашим недугом и устранят негативные последствия, а также вернут силы.'),
  (2, 'Больной гриппом должен соблюдать постельный режим в течение острого периода. Необходима максимальная изоляция, преимущественно в домашних условиях. Обязательной госпитализации подлежат дети с тяжелой и гипертоксической формой гриппа, а также при возникновении осложнений, угрожающих жизни ребенка.\nВ помещении температура должна быть не выше 20°С и на 1-2° ниже во время сна ребенка. Необходимо частое проветривание. Питание не должно отличаться от обычного, при отказе от еды кормить малыша насильно не следует, лучше предложить ему любимые блюда. Ребенка надо обильно поить – морсы, соки, сладкий чай и прочее.\nВ настоящее время существуют специфические противогриппозные средства, необходимость применения которых определит врач. Для лечения больных гриппом можно использовать ремантадин и амантадин, эти вещества подавляют размножение вируса гриппа А. Однако они оказывают многочисленные побочные эффекты, есть риск развития устойчивости к ним вируса. Предпочтительнее для лечения использовать ингибиторы нейраминидазы вирусов гриппа А и В, подавляющие способность вирусов проникать в здоровые клетки. У детей применяются занамивир (Glaxo) и озельтамивир (тамифлю) (LaRoche).\nВ последние годы широкое применение находят интерфероны и их индукторы: человеческий лейкоцитарный интерферон, гриппферон, виферон, кипферон, циклоферон, арбидол, анаферон и другие.\n Антибактериальные препараты рекомендуется включать в план лечения при наличии признаков бактериального осложнения. «Профилактически» назначение антибиотиков не оправданно, т.к. они не предотвращают микробное размножение, а скорее способствуют ему из-за подавления нормальной флоры дыхательных путей.\nЛечение гриппа симптоматическое, т.е. назначение препаратов диктуется симптомами болезни, которые имеются у больного ребенка. По показаниям врач назначает жаропонижающие, мукоактивные, гипосенсибилизирующие препараты и др.'),
  (3, 'Острые респираторные вирусные инфекции (ОРВИ) – это вирусные заболевания, поражающие слизистую оболочку верхних дыхательных путей. В народе их называют «простудой».\nЛечение простуды\nПрием противовирусных препаратов (если симптомы простуды сильно выражены).\n\nСимптоматическое лечение – обезболивающие и жаропонижающие препараты, сосудосуживающие капли и спреи, облегчающие насморк, микстуры и отвары от кашля. Полезны также:\nСухое тепло. Шерстяная майка, шарф на больное горло, шерстяные носки – наше тело во время болезни нуждается в максимальном комфорте.\nПолоскания при боли в горле – настойками и отварами шалфея, ромашки, календулы, соляным раствором с добавлением соды.\nИнгаляции при кашле. Паром сваренного в мундире картофеля. Паром разведенной в кипятке таблетки валидола. Паром отваров ромашки, мяты, календулы и других лечебных трав. Прогревания носа при насморке горячими, сваренными вкрутую яйцами, мешочками с нагретой солью.\nПромывание носа при насморке слабым соляным раствором.\n\nОбильное питье. Вирус боится щелочи, поэтому полезна щелочная минеральная вода. Налегайте на морсы и соки: брусничный, клюквенный, апельсиновый – они содержат в большом количестве витамин С, который укрепляет иммунитет. Облегчает состояние теплый чай с малиной, с медом и лимоном. В период заболевания нужно выпивать 3–4 л жидкости в день.\n\nДомашний режим. С первых дней заболевания надо взять больничный лист – так вы избежите осложнений и не заразите других.'),
  (4, 'Плечелопаточный периартроз (периартрит)\nСостояние болезненной скованности мышц вокруг плечевого пояса и собственно плечевого сустава называют по разному: артроз плечевого сустава, адгезивный капсулит, синдром «замороженного» плеча. Старое, но до сих пор распространенное название - плечелопаточный периартроз. Несмотря на то, что развивается это заболевание постепенно, как правило, настигает оно как-то вдруг и сразу же сильно мешает жить и работать.\nЛечение\nВ остром периоде назначаются, как правило, нестероидные препараты (действующее вещество – диклофенак, нимесулид, блокады с глюкокортикоидами для снятия воспаления и болей. Местно назначается электрофорез также с обезболивающими препаратами, периартикулярные блокады, парафиновые аппликации, а также нестероидные противовоспалительные мази и кремы. Одно из важных условий лечения – покой для сустава и руки. Однако это не значит, что их следует лишить возможности двигаться. Полная иммобилизация плечевого сустава может стать причиной его тугоподвижности. Надо по возможности не нагружать сустав и оберегать от неловких и резких движений.\nВообще, лечение плечелопаточного периартроза – дело долгое и требующее постоянного воздействия на спазмированные мышцы в области плечевого сустава на протяжении нескольких месяцев. Врачи, как правило, рекомендуют лечение, начатое в клинике и в домашних условиях, продолжить на курорте – в специализированном санатории. Отечность, воспаление, болезненность, восстановление объема движений в плечевом суставе и мышцах «уйдут» быстрее, если лечение будет комплексным: медикаментозным и физиотерапевтическим. Физиотерапевтические (курортные) факторы, наиболее полезные для лечения опорно-двигательного аппарата, в том числе суставов, это лечебные грязи, сульфидные или радоновые воды. Очень полезна лечебная физкультура и альтернативные методы лечения – остеопатия, апитерапия, мануальная терапия, массажи, кинезотерапия.'),
  (5, 'Артрит — это воспалительное заболевание суставов и всего организма. Болезнь вызывает боль в суставах, которая усиливается ночью. Артрит развивается в молодом возрасте — от 30 лет и старше. От болезни чаще страдают женщины, им заболевание передаётся генетически.\nЧто можете сделать вы\nДля поддержки суставов и улучшения их состояния можно использовать различные приспособления: шины, жгуты, повязки, поддержки для свода стоп и подпяточники могут сократить нагрузку на суставы и облегчить боль.\nУпражняйте суставы. Физическая нагрузка (умеренная, конечно) сокращает боль, делает суставы более гибкими и улучшает общее состояние организма. Количество и вид нагрузки зависят от того, какие суставы воспалены, и от степени заболевания. Следует проконсультироваться с врачом относительно количества и вида упражнений.\nПостарайтесь уменьшить количество стрессов расслабляйтесь, слушайте музыку. Физическая нагрузка также одно из средств борьбы со стрессом. Если вы страдаете от излишнего веса, необходимо похудеть. Излишний вес может вызывать боль в коленях и суставах таза. Избегайте алкогольных напитков и продуктов, богатых животными жирами и белками.\nЧто может сделать ваш врач\nВрач должен поставить точный диагноз или направить вас к ревматологу для более полного обследования и подбора лечения, но может сразу выписать лекарственные препараты от артрита. Безрецептурные препараты это обычно простые средства, избавляющие от артритической боли. В основном используется два типа препаратов: средства, снимающие боль, и нестероидные противовоспалительные препараты. Эти лекарства уменьшают воспаление и отечность суставов и облегчают боль. Обязательно сообщите вашему врачу обо всех безрецептурных препаратах, которые вы принимаете.'),
  (6, 'Шаг 1. Промывание желудка\nПри появлении первых симптомов нужно удалить из организма остатки токсичной пищи. Для этого промывают желудок. Алгоритм действий тот же, что при оказании первой помощи.\nПриготовьте слабый раствор перманганата калия (марганцовки) или пищевой соды (на 1,5–2 литра воды комнатной температуры 1 столовая ложка соды).\nВыпейте немного раствора.\nВызовите рвоту (двумя пальцами надавите на корень языка).\nПовторите процедуру несколько раз, пока рвотные массы не станут чистыми.\nШаг 2. Приём сорбентов\nСорбенты — это препараты, помогающие выводить токсины из организма. Самым известным из них является активированный уголь.\nАктивированный уголь уменьшает всасывание в желудочно-кишечный тракт токсинов, солей тяжёлых металлов, алкалоидов и других вредных веществ, а также способствует их выведению из организма.\nДозировка при отравлении: одна таблетка на каждые 10 кг массы тела.\nИными словами, если вы весите 70 кг, то вам потребуется минимум семь таблеток. В тяжёлых случаях дозировку следует увеличить.\nПри отравлении уголь лучше принимать в виде водной взвеси. Для этого растолките таблетки и смешайте со 100 мл кипячёной воды комнатной температуры. На вкус эта смесь довольно противная, зато эффективно борется с отравлением.\nТакже вместо обычного можно использовать белый уголь. Считается, что это избирательный, концентрированный сорбент. Он не просто выводит токсины, но и сохраняет питательные вещества. При этом дозировка уменьшается вдвое: для взрослого 2–4 таблетки, в зависимости от степени отравления.\nВместо угля можно применять другие сорбенты (по инструкции). Например, «Смекту», «Лактофильтрум», «Энтеросгель» и другие.\nШаг 3. Обильное питьё\nРвота и диарея сильно обезвоживают организм — нужно восполнять потери жидкости и поддерживать водный баланс.\nПейте не менее 2–3 литров кипячёной воды в сутки.\nВоду рекомендуется подсаливать: на литр воды 1 чайная ложка поваренной соли. Солевой раствор можно чередовать со сладким некрепким чаем.\nТакже можно принимать специальные регидратационные средства: «Регидрон», «Оралит» и другие. Это порошки и растворы, содержащие минеральные соли и глюкозу и предупреждающие обезвоживание.\nДругие лекарства\nЧто касается приёма других препаратов при токсикоинфекциях, есть несколько общих правил:\nКогда прекратится активная рвота, можно применять препараты, восстанавливающие микрофлору кишечника («Хилак форте», «Линекс», «Мезим» и другие).\nЕсли поднялась температура выше 37,5 градусов, её необходимо сбить жаропонижающими (парацетамол, ибупрофен и другие).\nНе рекомендуется приём обезболивающих: они могут усложнить диагностику в случае осложнений.\nПротивомикробные препараты (в основном это антибиотики) применяются в тяжёлых случаях токсикоинфекции и назначаются исключительно врачом.\nШаг 4. Режим и диета\nПри пищевой инфекции больной ощущает сильную слабость. Следует придерживаться постельного режима и первые сутки отказываться от еды (если нарушен аппетит и организм отторгает пищу).\nНа второй или третий день можно позволить себе кисель, сухари (без мака, изюма, ванили и каких-либо других добавок), а также жидкое картофельное пюре или геркулесовую кашу, приготовленные на воде.\nПо мере активного лечения симптомы отступают — улучшение должно наступить уже через несколько часов. Окончательно организм приходит в норму, как правило, в течение трёх суток. Но ещё несколько дней могут сохраняться боли в животе, слабость, метеоризм.\nЕсли основные симптомы (диарея, рвота, температура) не уменьшаются и не проходят более шести часов с момента начала лечения, обратитесь к врачу.'),
  (7, 'Как правильно питаться?\nНесмотря на то, что давно известно, что нужно принимать пищу 4-6 раз в сутки, многие до сих пор мучают себя голоданием ради похудения. Не в коем случае не ограничивайте себя в частоте приема пище! Наш организм - умный, он не будет делать запасы, если Вы будете часто кушать, таким образом, метаболизм улучшится, а значит и Ваше состояние.\nВыбираем продукты.\nПомимо визитов к диетологу нужно запомнить, что все кисломолочные продукты очень благоприятно влияют на организм. Старайтесь употреблять каждый день хоть что-то из кисломолочных продуктов - кефиры, ряженку, молоко, творог. Острые, жирные, пережаренные блюда – не самая лучшая пища для усвоения. Ограничьте себя.\nУпотребляйте много жидкости.\nКак известно, в день человек должен выпить не меньше 2 литров воды. Помимо этого, старайтесь за полчаса до еды выпивать стакан воды, это ускорит обмен веществ. Постарайтесь кофе и чай заменить соками, зеленым чаем. Постарайтесь исключить из своего рациона газировки, ненатуральные соки, ведь они содержат красители.\nФастфуд и полуфабрикаты – категорическое «нет».\nДумаю, не нужно объяснять, что это очень вредно. Если не можете совсем отказаться от этой «вкусняшки», то хотя бы постарайтесь редко принимать их.\nПотребляйте калории пропорционально.\n'),
  (8, 'Пищевая аллергия – это любая аллергическая реакция на нормальную безвредную пищу или пищевые ингредиенты.\nВ лечении пищевой аллергии применяют комплексный подход, разделяя его на этапы. Терапия направлена на устранение симптомов, и профилактику обострения заболевания. Одним из основных условий – соблюдение правильного сбалансированного питания.\nПри острой форме заболевания назначаются препараты, интенсивно устраняющие симптомы – Супрастин или Тавегил.\nПри средней и легкой степени, наиболее интенсивные антигистаминные препараты – Телфаст, Лоратадин, Кестин, Цетиразин.\nТакие препараты не имеют «подводных камней» в виде побочных эффектов, поэтому безопасны и назначаются даже самым маленьким детям. Если аллергией страдает ребенок, обычно это проявляется дисбактериозом. И лечение, прежде всего, направлено на восстановление физического состояния микрофлоры.\nИногда прием, каких либо препаратов не требуется, достаточно лишь убрать из рациона провоцирующий фактор.\nАллергенспецифическая иммунотерапия – один из современных методов лечения. Взрослым она не назначается. Проводится лишь в том случае, когда аллерген жизненно необходим, и исключить его из рациона невозможно. Применяется к детям, которые находятся на грудном вскармливании, но имеют аллергическую реакцию на молоко.\nПри любой степени тяжести пищевой аллергии обращение к врачу необходимо. Самолечение, конечно, может дать результаты, но рецидивы не исключены.'),
  (9, 'Артроз – это патология дегенеративно-дистрофической природы с поражением суставного хряща и прилежащих к нему костных частей (эпифизов). Ноги – излюбленная локализация артрозов, поскольку им приходится постоянно выдерживать большие нагрузки (вес всего тела).\nЛечение заболевания необходимо начинать с устранения причины, когда это возможно. Так, если к болезни привел лишний вес – необходимо его снизить, если причина в длительном пребывании на ногах – нужно подумать об организации периодического отдыха или смены деятельности, работы. Правда, одной только разгрузки суставов для их восстановления недостаточно. Потребуется прием препаратов, улучшающих кровообращение и обменные процессы, а также восстанавливающих и защищающих хрящевую поверхность (хондропротекторы).\nПри артрозе очень полезны занятия лечебной физкультурой, массаж и мануальная терапия – все эти меры препятствуют развитию контрактур (затруднению подвижности) и анкилозов (зарастанию суставной щели). Однако если болезнь зашла далеко, и методы консервативной терапии не в силах избавить больного от страданий – поможет только операция, замена поврежденных суставных поверхностей на искусственные.'),
  (10, 'Артрит - это воспалительное заболевание суставов. При артрите человек испытывает боли при активных движениях, сгибаниях и разгибаниях, а также при ходьбе, если воспалены суставы ног. Иногда кожа, находящаяся над больным суставом, начинает краснеть, наблюдается локальное повышение температуры или общая лихорадка.\nПрежде всего, в остром периоде необходимо обеспечить покой больной конечности. При двустороннем поражении крупных суставов пациенту следует соблюдать постельный режим и по максимуму ограничить ходьбу. При инфекционных артритах из медикаментов обязательно назначаются антибиотики, нестероидные противовоспалительные средства и гормоны. Обычно инъекции гормонов делаются непосредственно в суставную полость – это быстро снимает воспаление и приносит человеку значительное облегчение.\nАутоиммунные артриты лечат средствами, направленными на нормализацию иммунной реакции, а также местно (то есть мази, гели, компрессы, растирания).\nПри хронических артритах в периоды ремиссии необходим комплекс мер, направленных на поддержание суставов в подвижном состоянии и препятствующих развитию контрактур. Полезны массаж, гимнастика, мануальная терапия, тепловые процедуры и санаторно-курортное лечение.'),
  (11, 'Патология, для которой характерно скопление солей мочевой кислоты в суставных полостях. Зачастую поражаются плюснефаланговые части.\nДиагноз «подагра» означает, что человеку придется существенно изменить свой образ жизни и постоянно принимать лекарства, потому что полного излечения от этого заболевания добиться, к сожалению, невозможно. Однако своевременно начатое лечение позволяет взять подагру под контроль, свести болезненные приступы к минимуму и застраховаться от тяжелых осложнений.\nОсновной принцип лечения подагры – контролировать уровень мочевой кислоты в организме. Для медикаментозного лечения следует обратиться к врачу-ревматологу. Его предписания будут направлены на уменьшение объема мочевой кислоты и на её скорейшее выведение из организма. Только квалифицированный специалист может назначить такие лекарства, которые при возможных сопутствующих заболеваниях не причинят наибольший вред здоровью.\nЧаще всего врачи назначают на 1-2 недели нестероидные противовоспалительные средства, такие как метиндол, диклофенак, бутадион, индометацин, напроксен. Для быстрого снижения концентрации мочевой кислоты в организме могут быть выписаны аллопуринол, оротовая кислота, тиопуринол, гепатокатазал, милурит. Для купирования острых признаков подагры врачи рекомендуют принимать колхицин.');
